movie,city,theater_count,estimated_city_gross
Knives Out,Los Angeles,50,"$648,346.54"
The Wolf of Wall Street,Los Angeles,50,"$458,347.09"
The Dark Knight,Los Angeles,50,"$2,097,086.00"
American Psycho,Los Angeles,50,"$59,087.94"
John Wick,Los Angeles,50,"$168,743.79"
The Gentlemen,Los Angeles,50,"$142,999.50"
F9: The Fast Saga,Los Angeles,50,"$679,097.67"
Nobody,Los Angeles,50,"$106,913.18"
Prisoners,Los Angeles,50,"$239,179.31"
Catch Me If You Can,Los Angeles,50,"$645,427.87"
Joker,Los Angeles,50,"$1,315,245.66"
The Fast and the Furious,Los Angeles,50,"$566,692.13"
In Bruges,Los Angeles,50,"$30,414.34"
No Country for Old Men,Los Angeles,50,"$291,253.04"
The Departed,Los Angeles,50,"$519,055.64"
Kingsman: The Golden Circle,Los Angeles,50,"$393,003.19"
The Grand Budapest Hotel,Los Angeles,50,"$231,721.97"
"Three Billboards Outside Ebbing, Missouri",Los Angeles,50,"$213,738.80"
Irreversible,Los Angeles,50,"$2,954.35"
White Chicks,Los Angeles,50,"$277,718.89"
Sicario,Los Angeles,50,"$183,844.68"
John Wick: Chapter 3 - Parabellum,Los Angeles,50,"$670,522.47"
The Irishman,Los Angeles,50,"$27,445.77"
Baywatch,Los Angeles,50,"$227,643.79"
Mystic River,Los Angeles,50,"$353,404.25"
Snatch,Los Angeles,50,"$118,911.37"
John Wick: Chapter 2,Los Angeles,50,"$360,830.26"
American Hustle,Los Angeles,50,"$588,585.55"
Enough,Los Angeles,50,"$156,863.33"
Road to Perdition,Los Angeles,50,"$409,548.77"
Baby Driver,Los Angeles,50,"$422,766.26"
City of God,Los Angeles,50,"$29,654.75"
The Hateful Eight,Los Angeles,50,"$212,184.88"
House of Gucci,Los Angeles,50,"$210,977.89"
Batman Begins,Los Angeles,50,"$811,032.05"
The Equalizer,Los Angeles,50,"$398,084.19"
Wind River,Los Angeles,50,"$132,527.23"
The Longest Yard,Los Angeles,50,"$619,958.63"
21 Jump Street,Los Angeles,50,"$542,828.98"
Kill Bill: Vol. 1,Los Angeles,50,"$274,846.04"
Murder on the Orient Express,Los Angeles,50,"$403,164.81"
Now You See Me,Los Angeles,50,"$461,575.08"
Zootopia,Los Angeles,50,"$1,338,052.85"
Legend,Los Angeles,50,"$7,343.68"
Hell or High Water,Los Angeles,50,"$105,322.95"
Nightcrawler,Los Angeles,50,"$126,961.07"
Zodiac,Los Angeles,50,"$129,701.20"
Spotlight,Los Angeles,50,"$176,655.78"
Knock Knock,Los Angeles,50,$142.47
We're the Millers,Los Angeles,50,"$589,668.92"
Furious 7,Los Angeles,50,"$1,384,078.51"
Minority Report,Los Angeles,50,"$517,834.74"
Fast & Furious,Los Angeles,50,"$607,979.74"
Seven Psychopaths,Los Angeles,50,"$58,906.66"
The Nice Guys,Los Angeles,50,"$142,176.00"
The Town,Los Angeles,50,"$361,446.14"
Training Day,Los Angeles,50,"$300,460.25"
Fantastic Mr. Fox,Los Angeles,50,"$82,348.76"
Ocean's Eight,Los Angeles,50,"$549,772.93"
Sin City,Los Angeles,50,"$290,548.06"
Inside Man,Los Angeles,50,"$347,045.87"
Den of Thieves,Los Angeles,50,"$176,231.73"
The Fate of the Furious,Los Angeles,50,"$886,139.18"
Hannibal,Los Angeles,50,"$647,297.78"
Kick-Ass,Los Angeles,50,"$188,479.13"
Gangs of New York,Los Angeles,50,"$305,087.18"
Ocean's Eleven,Los Angeles,50,"$719,146.43"
Bad Times at the El Royale,Los Angeles,50,"$69,944.04"
Birds of Prey,Los Angeles,50,"$329,970.54"
2 Fast 2 Furious,Los Angeles,50,"$498,552.03"
Army of the Dead,Los Angeles,50,"$3,920.82"
Gone Baby Gone,Los Angeles,50,"$79,593.59"
Crash,Los Angeles,50,"$213,999.77"
The Girl with the Dragon Tattoo,Los Angeles,50,"$401,946.42"
Memories of Murder,Los Angeles,50,$55.41
Chicago,Los Angeles,50,"$669,235.77"
Fast Five,Los Angeles,50,"$822,736.66"
"O Brother, Where Art Thou?",Los Angeles,50,"$178,446.86"
Cruella,Los Angeles,50,"$337,595.66"
The House That Jack Built,Los Angeles,50,$341.14
Law Abiding Citizen,Los Angeles,50,"$287,566.64"
The Fast and the Furious: Tokyo Drift,Los Angeles,50,"$245,108.04"
Bad Boys II,Los Angeles,50,"$543,459.36"
The Iceman,Los Angeles,50,"$7,604.21"
City of Lies,Los Angeles,50,"$2,244.64"
The Equalizer 2,Los Angeles,50,"$400,254.85"
Swimming Pool,Los Angeles,50,"$39,621.91"
Hustlers,Los Angeles,50,"$411,543.83"
John Q,Los Angeles,50,"$281,345.82"
Bad Boys for Life,Los Angeles,50,"$808,886.62"
Taken,Los Angeles,50,"$568,523.41"
21,Los Angeles,50,"$318,211.61"
Molly's Game,Los Angeles,50,"$112,844.24"
BlacKkKlansman,Los Angeles,50,"$193,199.95"
Layer Cake,Los Angeles,50,"$9,169.61"
Game Night,Los Angeles,50,"$271,238.97"
American Gangster,Los Angeles,50,"$510,352.71"
Man on Fire,Los Angeles,50,"$305,478.38"
The Assassination of Jesse James by the Coward Robert Ford,Los Angeles,50,"$15,310.75"
Mr. & Mrs. Smith,Los Angeles,50,"$730,591.82"
Traffic,Los Angeles,50,"$486,635.96"
A History of Violence,Los Angeles,50,"$123,481.59"
The Other Guys,Los Angeles,50,"$467,440.59"
Sicario: Day of the Soldado,Los Angeles,50,"$196,324.44"
Furious 6,Los Angeles,50,"$935,821.76"
Central Intelligence,Los Angeles,50,"$499,673.27"
The Lincoln Lawyer,Los Angeles,50,"$227,443.88"
A Simple Favor,Los Angeles,50,"$209,954.60"
The Place Beyond the Pines,Los Angeles,50,"$83,840.16"
RED,Los Angeles,50,"$354,364.74"
Jack Reacher: Never Go Back,Los Angeles,50,"$230,140.92"
Collateral,Los Angeles,50,"$396,025.62"
Despicable Me,Los Angeles,50,"$986,142.15"
The Drop,Los Angeles,50,"$42,048.45"
Wanted,Los Angeles,50,"$527,384.40"
Kill Bill: Vol. 2,Los Angeles,50,"$259,590.66"
Now You See Me 2,Los Angeles,50,"$255,149.76"
Slumdog Millionaire,Los Angeles,50,"$554,090.61"
Under the Silver Lake,Los Angeles,50,$180.68
The Italian Job,Los Angeles,50,"$416,111.60"
Step Up,Los Angeles,50,"$256,140.09"
Focus,Los Angeles,50,"$211,187.22"
Cold Pursuit,Los Angeles,50,"$126,010.83"
Horrible Bosses,Los Angeles,50,"$460,848.04"
American Made,Los Angeles,50,"$201,302.96"
The Girl on the Train,Los Angeles,50,"$295,610.69"
Faster,Los Angeles,50,"$91,120.04"
Red Dragon,Los Angeles,50,"$365,224.39"
Logan Lucky,Los Angeles,50,"$108,924.33"
War Dogs,Los Angeles,50,"$168,730.81"
Don't Breathe,Los Angeles,50,"$349,807.62"
Southpaw,Los Angeles,50,"$205,537.27"
Side Effects,Los Angeles,50,"$126,143.73"
Fruitvale Station,Los Angeles,50,"$63,116.81"
22 Jump Street,Los Angeles,50,"$751,697.84"
Burn After Reading,Los Angeles,50,"$236,642.71"
3:10 to Yuma,Los Angeles,50,"$210,183.30"
Broken City,Los Angeles,50,"$77,244.80"
Running Scared,Los Angeles,50,"$26,877.79"
RocknRolla,Los Angeles,50,"$22,326.75"
Captain Phillips,Los Angeles,50,"$419,923.64"
Out of the Furnace,Los Angeles,50,"$44,410.53"
Minions,Los Angeles,50,"$1,317,576.43"
Green Room,Los Angeles,50,"$12,621.25"
Lucky Number Slevin,Los Angeles,50,"$88,196.93"
Spring Breakers,Los Angeles,50,"$55,376.83"
S.W.A.T.,Los Angeles,50,"$458,480.22"
Pineapple Express,Los Angeles,50,"$342,450.21"
Savages,Los Angeles,50,"$185,776.77"
I Saw the Devil,Los Angeles,50,$503.40
Point Break,Los Angeles,50,"$112,851.05"
Monster,Los Angeles,50,"$135,147.72"
Lawless,Los Angeles,50,"$146,639.33"
The Hate U Give,Los Angeles,50,"$116,524.87"
Black Mass,Los Angeles,50,"$245,348.24"
Widows,Los Angeles,50,"$166,253.27"
End of Watch,Los Angeles,50,"$160,767.01"
The Forever Purge,Los Angeles,50,"$174,630.56"
Perfume: The Story of a Murderer,Los Angeles,50,"$8,717.14"
Eastern Promises,Los Angeles,50,"$67,104.45"
The Hitman's Bodyguard,Los Angeles,50,"$295,899.06"
Megamind,Los Angeles,50,"$581,912.49"
Dogville,Los Angeles,50,"$6,000.37"
The Mexican,Los Angeles,50,"$261,944.84"
Rambo: Last Blood,Los Angeles,50,"$73,997.40"
The Cell,Los Angeles,50,"$240,480.07"
Smokin' Aces,Los Angeles,50,"$139,827.30"
Four Brothers,Los Angeles,50,"$292,079.38"
Blow,Los Angeles,50,"$207,767.52"
The Pledge,Los Angeles,50,"$77,318.38"
Gone in 60 Seconds,Los Angeles,50,"$398,546.19"
Inferno,Los Angeles,50,"$134,655.12"
Ghost in the Shell,Los Angeles,50,"$159,042.58"
The Mule,Los Angeles,50,"$406,998.85"
The Danish Girl,Los Angeles,50,"$43,576.11"
Deja Vu,Los Angeles,50,"$251,084.16"
The Punisher,Los Angeles,50,"$132,062.28"
Felon,Los Angeles,50,$144.11
Blackhat,Los Angeles,50,"$27,826.58"
Dredd,Los Angeles,50,"$52,596.74"
Public Enemies,Los Angeles,50,"$380,730.16"
The Guard,Los Angeles,50,"$21,014.73"
Funny Games,Los Angeles,50,"$5,076.06"
The Snowman,Los Angeles,50,"$26,154.90"
Miss Congeniality,Los Angeles,50,"$418,774.10"
Sin City: A Dame to Kill For,Los Angeles,50,"$53,941.93"
Super Troopers,Los Angeles,50,"$72,489.43"
Tell No One,Los Angeles,50,"$24,219.68"
In the Bedroom,Los Angeles,50,"$140,877.59"
Good Time,Los Angeles,50,"$7,945.55"
R.I.P.D.,Los Angeles,50,"$131,813.62"
The Heat,Los Angeles,50,"$625,693.73"
Runaway Jury,Los Angeles,50,"$193,859.78"
Daredevil,Los Angeles,50,"$402,055.13"
The Bank Job,Los Angeles,50,"$117,862.57"
Bronson,Los Angeles,50,$410.87
The Raid: Redemption,Los Angeles,50,"$16,095.72"
The Brothers Grimsby,Los Angeles,50,"$26,912.60"
Lord of War,Los Angeles,50,"$94,686.46"
Papillon,Los Angeles,50,"$9,158.64"
Austin Powers in Goldmember,Los Angeles,50,"$836,342.76"
Ocean's Twelve,Los Angeles,50,"$492,237.07"
The Girl in the Spider's Web,Los Angeles,50,"$58,190.28"
Hitman,Los Angeles,50,"$155,608.48"
The Old Man & the Gun,Los Angeles,50,"$44,215.61"
Live by Night,Los Angeles,50,"$40,692.49"
Before the Devil Knows You're Dead,Los Angeles,50,"$27,771.30"
Alpha Dog,Los Angeles,50,"$59,711.51"
Fracture,Los Angeles,50,"$152,971.03"
Crank,Los Angeles,50,"$109,116.05"
Kiss Kiss Bang Bang,Los Angeles,50,"$16,639.02"
Bolt,Los Angeles,50,"$447,184.05"
Freedom Writers,Los Angeles,50,"$143,524.14"
The Girl with the Dragon Tattoo,Los Angeles,50,"$39,581.39"
Charlie's Angels,Los Angeles,50,"$491,301.03"
Inherent Vice,Los Angeles,50,"$31,801.71"
The Transporter,Los Angeles,50,"$99,182.93"
The Pink Panther,Los Angeles,50,"$322,395.56"
RoboCop,Los Angeles,50,"$229,787.78"
Walking Tall,Los Angeles,50,"$182,074.13"
Ocean's Thirteen,Los Angeles,50,"$459,343.09"
CHIPS,Los Angeles,50,"$72,927.93"
Going in Style,Los Angeles,50,"$176,509.79"
The American,Los Angeles,50,"$139,606.35"
Frequency,Los Angeles,50,"$176,477.39"
The Family,Los Angeles,50,"$144,752.17"
Killing Them Softly,Los Angeles,50,"$58,914.53"
Muppets Most Wanted,Los Angeles,50,"$200,680.00"
The Best Offer,Los Angeles,50,$334.97
Calvary,Los Angeles,50,"$14,089.33"
The Taking of Pelham 123,Los Angeles,50,"$256,627.02"
Pain & Gain,Los Angeles,50,"$195,552.25"
You Were Never Really Here,Los Angeles,50,"$9,894.63"
Be Cool,Los Angeles,50,"$219,750.36"
Kick-Ass 2,Los Angeles,50,"$112,904.00"
Horrible Bosses 2,Los Angeles,50,"$213,470.68"
Chappie,Los Angeles,50,"$123,777.55"
Triple 9,Los Angeles,50,"$49,507.88"
Stand Up Guys,Los Angeles,50,"$12,942.82"
Miami Vice,Los Angeles,50,"$248,778.15"
Boiler Room,Los Angeles,50,"$66,411.62"
Don't Breathe 2,Los Angeles,50,"$127,968.01"
The Judge,Los Angeles,50,"$184,746.84"
War,Los Angeles,50,"$88,165.26"
Brick,Los Angeles,50,"$8,079.21"
Despicable Me 2,Los Angeles,50,"$1,443,103.56"
21 Grams,Los Angeles,50,"$63,872.09"
Bastille Day,Los Angeles,50,$152.91
The Next Three Days,Los Angeles,50,"$82,920.15"
Takers,Los Angeles,50,"$226,406.90"
The Number 23,Los Angeles,50,"$137,986.23"
Drishyam,Los Angeles,50,"$2,899.36"
All the Money in the World,Los Angeles,50,"$98,437.45"
White Boy Rick,Los Angeles,50,"$94,143.65"
Identity Thief,Los Angeles,50,"$527,378.01"
Halloween,Los Angeles,50,"$624,752.05"
Green Street Hooligans,Los Angeles,50,"$1,349.14"
Machete,Los Angeles,50,"$104,269.01"
The Big Bounce,Los Angeles,50,"$25,373.20"
Regression,Los Angeles,50,$214.60
Panic Room,Los Angeles,50,"$377,957.01"
Revolver,Los Angeles,50,$295.71
Once Upon a Time in Mexico,Los Angeles,50,"$220,976.80"
The Hunted,Los Angeles,50,"$134,243.58"
Frailty,Los Angeles,50,"$51,377.81"
A Most Violent Year,Los Angeles,50,"$22,506.75"
"Roman J. Israel, Esq.",Los Angeles,50,"$46,903.69"
Tower Heist,Los Angeles,50,"$306,006.89"
Despicable Me 3,Los Angeles,50,"$1,037,545.40"
Phone Booth,Los Angeles,50,"$182,577.94"
RED 2,Los Angeles,50,"$208,833.14"
ATL,Los Angeles,50,"$82,964.99"
Official Secrets,Los Angeles,50,"$1,550.73"
Deliver Us from Evil,Los Angeles,50,"$119,887.52"
The Whole Nine Yards,Los Angeles,50,"$224,516.17"
Man on a Ledge,Los Angeles,50,"$73,005.75"
Notes on a Scandal,Los Angeles,50,"$68,648.42"
Disturbia,Los Angeles,50,"$314,488.11"
The Mechanic,Los Angeles,50,"$114,180.28"
Super,Los Angeles,50,"$1,263.12"
The Raid 2,Los Angeles,50,"$10,300.82"
Big Eyes,Los Angeles,50,"$56,772.66"
Homefront,Los Angeles,50,"$79,037.91"
Gangster Squad,Los Angeles,50,"$180,361.46"
Shoplifters,Los Angeles,50,"$12,991.70"
Elephant,Los Angeles,50,"$4,810.85"
Hoodwinked!,Los Angeles,50,"$201,477.87"
Snowden,Los Angeles,50,"$84,640.87"
The Black Dahlia,Los Angeles,50,"$88,290.40"
Sexy Beast,Los Angeles,50,"$27,234.27"
Into the Blue,Los Angeles,50,"$72,426.89"
Rush Hour 2,Los Angeles,50,"$886,750.44"
Nerve,Los Angeles,50,"$151,279.62"
Miss Congeniality 2: Armed & Fabulous,Los Angeles,50,"$190,073.75"
Heartbreakers,Los Angeles,50,"$158,152.75"
This Is England,Los Angeles,50,"$1,285.71"
The Devil's Rejects,Los Angeles,50,"$66,830.38"
A Scanner Darkly,Los Angeles,50,"$21,570.87"
The Raven,Los Angeles,50,"$62,765.62"
30 Minutes or Less,Los Angeles,50,"$145,281.93"
Wild Card,Los Angeles,50,$12.55
The Score,Los Angeles,50,"$278,652.53"
Lady Vengeance,Los Angeles,50,$829.91
The Texas Chainsaw Massacre,Los Angeles,50,"$315,907.31"
Let's Be Cops,Los Angeles,50,"$323,039.75"
The Infiltrator,Los Angeles,50,"$60,482.13"
Everybody Knows,Los Angeles,50,"$10,430.04"
The Losers,Los Angeles,50,"$92,455.92"
Intolerable Cruelty,Los Angeles,50,"$138,513.42"
Only God Forgives,Los Angeles,50,"$3,052.62"
Bully,Los Angeles,50,"$6,028.93"
Confessions of a Dangerous Mind,Los Angeles,50,"$62,747.21"
A Single Man,Los Angeles,50,"$35,941.66"
Dancer in the Dark,Los Angeles,50,"$16,404.87"
Snakes on a Plane,Los Angeles,50,"$133,389.64"
Swordfish,Los Angeles,50,"$273,567.55"
Changeling,Los Angeles,50,"$140,129.49"
Notorious,Los Angeles,50,"$144,457.61"
The Ghost Writer,Los Angeles,50,"$60,935.68"
Mechanic: Resurrection,Los Angeles,50,"$83,193.63"
Border,Los Angeles,50,"$3,026.60"
The Bling Ring,Los Angeles,50,"$22,901.72"
Michael Clayton,Los Angeles,50,"$192,253.24"
Dope,Los Angeles,50,"$68,512.90"
A Walk Among the Tombstones,Los Angeles,50,"$103,147.48"
Super Troopers 2,Los Angeles,50,"$120,045.43"
Capote,Los Angeles,50,"$112,714.17"
Awake,Los Angeles,50,"$56,370.47"
The Hangover Part III,Los Angeles,50,"$439,916.77"
Taken 2,Los Angeles,50,"$548,344.09"
Big Momma's House,Los Angeles,50,"$460,929.91"
Compliance,Los Angeles,50,"$1,249.26"
Jigsaw,Los Angeles,50,"$149,198.47"
Street Kings,Los Angeles,50,"$103,582.95"
Machete Kills,Los Angeles,50,"$31,398.59"
The Hurricane Heist,Los Angeles,50,"$23,979.08"
The Counselor,Los Angeles,50,"$66,550.95"
Filth,Los Angeles,50,$134.57
Patriots Day,Los Angeles,50,"$125,020.82"
National Security,Los Angeles,50,"$140,228.21"
Charlie's Angels: Full Throttle,Los Angeles,50,"$395,337.15"
Holmes & Watson,Los Angeles,50,"$119,873.82"
Mother,Los Angeles,50,"$2,145.84"
The Hustle,Los Angeles,50,"$138,863.98"
Transporter 2,Los Angeles,50,"$168,970.28"
Spy Game,Los Angeles,50,$105.36
The Gambler,Los Angeles,50,"$132,057.25"
Sabotage,Los Angeles,50,"$41,202.05"
Hitman: Agent 47,Los Angeles,50,"$88,090.92"
The Life of David Gale,Los Angeles,50,"$76,823.61"
Scoob!,Los Angeles,50,"$8,580.43"
Elektra,Los Angeles,50,"$95,706.23"
The Guilty,Los Angeles,50,$812.16
A Most Wanted Man,Los Angeles,50,"$67,584.21"
Parker,Los Angeles,50,"$69,071.75"
Death to Smoochy,Los Angeles,50,"$32,761.68"
Gold,Los Angeles,50,"$28,335.95"
Killer Elite,Los Angeles,50,"$98,510.66"
Masterminds,Los Angeles,50,"$68,053.33"
Baby Boy,Los Angeles,50,"$112,663.13"
Taken 3,Los Angeles,50,"$349,958.76"
The Man Who Wasn't There,Los Angeles,50,"$29,385.99"
Rush Hour 3,Los Angeles,50,"$549,409.31"
Lilya 4-Ever,Los Angeles,50,$712.24
Crank: High Voltage,Los Angeles,50,"$53,441.72"
Little Man,Los Angeles,50,"$229,936.95"
Hotel Artemis,Los Angeles,50,"$26,301.47"
Mean Creek,Los Angeles,50,"$2,367.99"
Date Night,Los Angeles,50,"$387,030.08"
Matchstick Men,Los Angeles,50,"$144,703.75"
Unleashed,Los Angeles,50,"$96,142.11"
Killshot,Los Angeles,50,$66.68
American Animals,Los Angeles,50,"$11,201.61"
Hannibal Rising,Los Angeles,50,"$108,493.08"
Flawless,Los Angeles,50,"$4,705.91"
All Good Things,Los Angeles,50,"$2,267.73"
Kill the Irishman,Los Angeles,50,"$4,656.81"
Kiss of the Dragon,Los Angeles,50,"$144,463.26"
Gridiron Gang,Los Angeles,50,"$150,688.35"
Animal Kingdom,Los Angeles,50,"$4,093.49"
Get Hard,Los Angeles,50,"$354,487.43"
Shaft,Los Angeles,50,"$275,768.27"
Assassination Nation,Los Angeles,50,"$7,681.69"
Get Rich or Die Tryin',Los Angeles,50,"$121,474.39"
Shaft,Los Angeles,50,"$83,749.65"
Blue Ruin,Los Angeles,50,"$1,012.02"
Starsky & Hutch,Los Angeles,50,"$345,964.73"
Infernal Affairs,Los Angeles,50,$665.20
Taking Lives,Los Angeles,50,"$128,141.72"
Can You Ever Forgive Me?,Los Angeles,50,"$34,518.41"
Osmosis Jones,Los Angeles,50,"$53,311.10"
Taxi,Los Angeles,50,"$143,545.56"
Beirut,Los Angeles,50,"$19,679.50"
Catwoman,Los Angeles,50,"$157,626.47"
Andhadhun,Los Angeles,50,"$5,386.99"
Hustle & Flow,Los Angeles,50,"$87,048.71"
Derailed,Los Angeles,50,"$141,244.07"
Beast,Los Angeles,50,"$3,138.09"
Thoroughbreds,Los Angeles,50,"$11,098.97"
After the Sunset,Los Angeles,50,"$111,081.79"
CBGB,Los Angeles,50,$156.99
New York Minute,Los Angeles,50,"$54,963.54"
Veronica Mars,Los Angeles,50,"$13,013.64"
Sympathy for Mr. Vengeance,Los Angeles,50,$177.57
The Three Burials of Melquiades Estrada,Los Angeles,50,"$19,695.38"
The Happytime Murders,Los Angeles,50,"$81,186.36"
Stuber,Los Angeles,50,"$87,710.61"
True Story,Los Angeles,50,"$18,505.10"
Hostage,Los Angeles,50,"$135,817.12"
London Fields,Los Angeles,50,$990.70
Tangerine,Los Angeles,50,"$2,751.78"
Four Lions,Los Angeles,50,"$1,192.47"
Spun,Los Angeles,50,"$1,608.48"
The Sentinel,Los Angeles,50,"$142,250.24"
A Nightmare on Elm Street,Los Angeles,50,"$247,306.04"
Peter Rabbit,Los Angeles,50,"$451,888.43"
Safe,Los Angeles,50,"$67,211.08"
Fun with Dick and Jane,Los Angeles,50,"$432,595.28"
Max Payne,Los Angeles,50,"$159,535.96"
Redemption,Los Angeles,50,$137.06
Death Wish,Los Angeles,50,"$133,374.79"
Mindhunters,Los Angeles,50,"$17,568.21"
Mr. Brooks,Los Angeles,50,"$111,650.25"
The Watcher,Los Angeles,50,"$113,420.51"
State of Play,Los Angeles,50,"$145,140.90"
The Art of Self-Defense,Los Angeles,50,"$9,452.77"
Ride Along,Los Angeles,50,"$529,068.98"
Heist,Los Angeles,50,$185.22
The Producers,Los Angeles,50,"$75,976.66"
Baise-moi,Los Angeles,50,$22.71
Machine Gun Preacher,Los Angeles,50,"$2,112.11"
The Spirit,Los Angeles,50,"$77,561.27"
The Man from Nowhere,Los Angeles,50,$25.33
One for the Money,Los Angeles,50,"$103,566.72"
The House,Los Angeles,50,"$100,312.35"
'71,Los Angeles,50,"$4,974.59"
Extract,Los Angeles,50,"$42,400.52"
Romeo Must Die,Los Angeles,50,"$219,461.62"
Saw III,Los Angeles,50,"$314,601.94"
Gigli,Los Angeles,50,"$23,794.44"
Mortdecai,Los Angeles,50,"$29,820.49"
Trance,Los Angeles,50,"$9,093.12"
Ichi the Killer,Los Angeles,50,$79.53
The International,Los Angeles,50,"$99,787.05"
Bad Santa,Los Angeles,50,"$235,486.00"
Saw 3D,Los Angeles,50,"$179,221.58"
Perfect Stranger,Los Angeles,50,"$94,040.77"
Destroyer,Los Angeles,50,"$6,011.89"
The Paperboy,Los Angeles,50,"$2,715.72"
Paul Blart: Mall Cop,Los Angeles,50,"$81,628.15"
The Perfect Score,Los Angeles,50,"$40,728.37"
The Book of Henry,Los Angeles,50,"$16,544.06"
Kidnap,Los Angeles,50,"$120,440.30"
Righteous Kill,Los Angeles,50,"$157,152.17"
Saving Silverman,Los Angeles,50,"$75,874.10"
Trust,Los Angeles,50,$470.56
Hunger,Los Angeles,50,$604.14
Analyze That,Los Angeles,50,"$125,945.70"
Murder by Numbers,Los Angeles,50,"$125,253.67"
I Love You Phillip Morris,Los Angeles,50,"$7,981.10"
Punisher: War Zone,Los Angeles,50,"$31,163.34"
Where the Truth Lies,Los Angeles,50,"$3,417.10"
Under Suspicion,Los Angeles,50,"$1,014.28"
Cellular,Los Angeles,50,"$125,480.57"
Bernie,Los Angeles,50,"$36,084.10"
Ong-Bak: The Thai Warrior,Los Angeles,50,"$17,879.20"
Assault on Precinct 13,Los Angeles,50,"$78,322.67"
Femme Fatale,Los Angeles,50,"$25,846.48"
Dead Man's Shoes,Los Angeles,50,$23.58
Bad Samaritan,Los Angeles,50,"$13,468.22"
Out of Time,Los Angeles,50,"$160,382.41"
Horns,Los Angeles,50,$644.90
The Gunman,Los Angeles,50,"$41,720.10"
Premium Rush,Los Angeles,50,"$79,496.46"
Sin Nombre,Los Angeles,50,"$9,936.75"
The Condemned,Los Angeles,50,$14.58
Malibu's Most Wanted,Los Angeles,50,"$134,519.17"
"The Gangster, the Cop, the Devil",Los Angeles,50,$848.83
Detroit,Los Angeles,50,"$65,831.19"
Eye See You,Los Angeles,50,$310.38
Child 44,Los Angeles,50,"$4,729.04"
The Glass House,Los Angeles,50,"$70,579.67"
Duplicity,Los Angeles,50,"$159,078.92"
Appaloosa,Los Angeles,50,"$79,228.11"
Cosmopolis,Los Angeles,50,"$2,915.67"
The Quiet,Los Angeles,50,"$1,494.56"
Fanboys,Los Angeles,50,"$2,699.60"
Paid in Full,Los Angeles,50,"$11,927.88"
Gotti,Los Angeles,50,"$17,029.03"
Keanu,Los Angeles,50,"$80,636.96"
Headhunters,Los Angeles,50,"$4,692.25"
Death Sentence,Los Angeles,50,"$37,382.15"
Elite Squad,Los Angeles,50,$31.60
Domino,Los Angeles,50,"$39,871.65"
A Man Apart,Los Angeles,50,"$102,659.72"
Agent Cody Banks,Los Angeles,50,"$187,957.77"
Kill List,Los Angeles,50,$103.11
The Clovehitch Killer,Los Angeles,50,$32.18
The Rover,Los Angeles,50,"$4,348.97"
Deception,Los Angeles,50,"$18,027.01"
The Pink Panther 2,Los Angeles,50,"$140,847.69"
Run All Night,Los Angeles,50,"$103,751.46"
House of Sand and Fog,Los Angeles,50,"$50,992.22"
The Bad Lieutenant: Port of Call - New Orleans,Los Angeles,50,"$6,657.39"
Breach,Los Angeles,50,"$130,293.95"
The Fifth Estate,Los Angeles,50,"$12,759.04"
Marshall,Los Angeles,50,"$39,410.79"
The Brave One,Los Angeles,50,"$144,262.04"
Bandits,Los Angeles,50,"$163,008.82"
High Crimes,Los Angeles,50,"$162,883.62"
Alex Cross,Los Angeles,50,"$101,503.92"
The Brothers Bloom,Los Angeles,50,"$13,799.84"
Irrational Man,Los Angeles,50,"$15,792.16"
Red State,Los Angeles,50,"$4,331.26"
Blonde and Blonder,Los Angeles,50,$165.39
Saw IV,Los Angeles,50,"$248,188.55"
Lizzie,Los Angeles,50,"$2,517.78"
London Boulevard,Los Angeles,50,$27.10
Control,Los Angeles,50,$929.95
Miss Bala,Los Angeles,50,"$58,839.12"
Batman: The Killing Joke,Los Angeles,50,"$14,801.11"
Basic,Los Angeles,50,"$104,043.47"
Charlie Says,Los Angeles,50,$154.88
Big Momma's House 2,Los Angeles,50,"$275,108.45"
The Snowtown Murders,Los Angeles,50,$31.41
Untraceable,Los Angeles,50,"$112,479.96"
Harsh Times,Los Angeles,50,"$13,087.44"
The Proposition,Los Angeles,50,"$7,452.41"
Runner Runner,Los Angeles,50,"$75,737.18"
Starred Up,Los Angeles,50,$133.70
Dahmer,Los Angeles,50,$564.63
A Prophet,Los Angeles,50,"$8,173.50"
Vantage Point,Los Angeles,50,"$283,343.49"
Hot Pursuit,Los Angeles,50,"$135,296.20"
Suburbicon,Los Angeles,50,"$22,643.46"
In the Fade,Los Angeles,50,"$1,258.63"
Free Fire,Los Angeles,50,"$7,051.49"
The Green Hornet,Los Angeles,50,"$387,299.19"
Joe,Los Angeles,50,"$1,463.94"
The Ladykillers,Los Angeles,50,"$156,045.64"
Reindeer Games,Los Angeles,50,"$91,593.51"
Torque,Los Angeles,50,"$83,180.52"
Kangaroo Jack,Los Angeles,50,"$262,440.23"
Term Life,Los Angeles,50,$51.13
Nothing But the Truth,Los Angeles,50,$11.94
"Big Mommas: Like Father, Like Son",Los Angeles,50,"$148,659.68"
In the Valley of Elah,Los Angeles,50,"$26,574.33"
Hollywoodland,Los Angeles,50,"$56,519.55"
Secret in Their Eyes,Los Angeles,50,"$79,122.84"
Primeval,Los Angeles,50,"$41,551.85"
3-Iron,Los Angeles,50,$935.14
Memoir of a Murderer,Los Angeles,50,$358.11
Cop Out,Los Angeles,50,"$175,948.88"
Gomorrah,Los Angeles,50,"$6,185.65"
White Girl,Los Angeles,50,$778.26
Son of a Gun,Los Angeles,50,$5.53
Brooklyn's Finest,Los Angeles,50,"$106,467.73"
The Girl Who Played with Fire,Los Angeles,50,"$35,608.07"
Harry Brown,Los Angeles,50,"$7,130.73"
From Paris with Love,Los Angeles,50,"$94,020.35"
Crossing Over,Los Angeles,50,"$1,780.64"
12 Rounds,Los Angeles,50,"$47,963.20"
Street Fighter: The Legend of Chun-Li,Los Angeles,50,"$34,276.87"
Chopper,Los Angeles,50,$918.49
The Whole Ten Yards,Los Angeles,50,"$64,003.41"
Leviathan,Los Angeles,50,"$4,284.68"
Wonderland,Los Angeles,50,"$4,140.79"
P2,Los Angeles,50,"$15,653.26"
Money Monster,Los Angeles,50,"$160,801.14"
Raees,Los Angeles,50,"$12,793.47"
In Secret,Los Angeles,50,"$1,647.79"
Peter Rabbit 2: The Runaway,Los Angeles,50,"$158,800.12"
Bad Education,Los Angeles,50,"$20,434.72"
We Own the Night,Los Angeles,50,"$111,991.21"
Sugar & Spice,Los Angeles,50,"$52,056.60"
Don 2,Los Angeles,50,"$14,429.83"
Super Dark Times,Los Angeles,50,$129.81
The X Files: I Want to Believe,Los Angeles,50,"$82,268.61"
3000 Miles to Graceland,Los Angeles,50,"$61,708.41"
xXx: State of the Union,Los Angeles,50,"$105,367.97"
Trespass,Los Angeles,50,$65.93
The Informant!,Los Angeles,50,"$130,616.70"
Skiptrace,Los Angeles,50,$7.03
Don,Los Angeles,50,"$3,153.86"
Man of the House,Los Angeles,50,"$77,239.09"
The Whistleblower,Los Angeles,50,"$4,394.91"
Blood Work,Los Angeles,50,"$102,723.70"
99 Homes,Los Angeles,50,"$5,531.95"
The Killer Inside Me,Los Angeles,50,$842.84
Loving Pablo,Los Angeles,50,$86.32
Transsiberian,Los Angeles,50,"$8,640.09"
Kill the Messenger,Los Angeles,50,"$9,609.34"
The Way of the Gun,Los Angeles,50,"$23,743.18"
Ride Along 2,Los Angeles,50,"$357,664.77"
Saw V,Los Angeles,50,"$222,494.11"
Two for the Money,Los Angeles,50,"$89,638.08"
No Good Deed,Los Angeles,50,"$206,014.35"
Young Adam,Los Angeles,50,"$3,008.21"
Texas Killing Fields,Los Angeles,50,$177.54
Exit Wounds,Los Angeles,50,"$202,936.37"
Narc,Los Angeles,50,"$41,012.17"
Just Getting Started,Los Angeles,50,"$23,797.85"
Undisputed,Los Angeles,50,"$50,047.98"
Gemini,Los Angeles,50,$785.50
Crocodile Dundee in Los Angeles,Los Angeles,50,"$100,513.01"
Paul Blart: Mall Cop 2,Los Angeles,50,"$278,528.26"
Life of Crime,Los Angeles,50,"$1,026.06"
Postal,Los Angeles,50,"$70,595.22"
Dark Blue,Los Angeles,50,"$35,521.05"
Madea Goes to Jail,Los Angeles,50,"$354,776.70"
Fighting,Los Angeles,50,"$90,321.36"
Cowboy Bebop: The Movie,Los Angeles,50,"$3,921.00"
Gringo,Los Angeles,50,"$19,485.92"
Blindspotting,Los Angeles,50,"$16,990.48"
The Conspirator,Los Angeles,50,"$45,239.27"
Wild Target,Los Angeles,50,$459.48
Oliver Twist,Los Angeles,50,"$7,791.80"
The Salton Sea,Los Angeles,50,"$2,997.68"
Mesrine: Killer Instinct,Los Angeles,50,"$2,162.96"
The Kitchen,Los Angeles,50,"$47,243.02"
Bel Ami,Los Angeles,50,$470.18
Bullet to the Head,Los Angeles,50,"$37,184.40"
SuperFly,Los Angeles,50,"$80,553.79"
Drillbit Taylor,Los Angeles,50,"$128,813.35"
Lakeview Terrace,Los Angeles,50,"$153,945.31"
A Kind of Murder,Los Angeles,50,$7.08
An Evening with Beverly Luff Linn,Los Angeles,50,$20.44
Contraband,Los Angeles,50,"$260,844.60"
Proud Mary,Los Angeles,50,"$81,822.26"
Nurse Betty,Los Angeles,50,"$98,676.44"
Alan Partridge,Los Angeles,50,$596.79
The Protector,Los Angeles,50,"$46,679.45"
Nancy Drew,Los Angeles,50,"$100,422.19"
Party Monster,Los Angeles,50,"$2,855.35"
Blood Ties,Los Angeles,50,$161.65
Firewall,Los Angeles,50,"$191,144.85"
Lions for Lambs,Los Angeles,50,"$58,823.56"
Highwaymen,Los Angeles,50,"$1,439.05"
Captive,Los Angeles,50,"$10,028.17"
88 Minutes,Los Angeles,50,"$66,383.02"
The Girl Who Kicked the Hornet's Nest,Los Angeles,50,"$21,281.00"
Balls of Fury,Los Angeles,50,"$128,776.69"
The Tribe,Los Angeles,50,$590.33
Dead Man Down,Los Angeles,50,"$42,662.20"
The East,Los Angeles,50,"$8,893.59"
In Order of Disappearance,Los Angeles,50,$193.23
Formula 51,Los Angeles,50,"$20,404.00"
New World,Los Angeles,50,"$1,794.98"
District B13,Los Angeles,50,"$4,696.31"
Master Z: The Ip Man Legacy,Los Angeles,50,"$24,346.18"
The Crimson Rivers,Los Angeles,50,"$2,480.11"
The Fanatic,Los Angeles,50,$12.36
Drowning Mona,Los Angeles,50,"$60,487.31"
The Dinner,Los Angeles,50,"$5,186.62"
Unstoppable,Los Angeles,50,$386.23
Hollywood Homicide,Los Angeles,50,"$117,677.06"
Find Me Guilty,Los Angeles,50,"$4,601.77"
Nine Queens,Los Angeles,50,"$4,788.35"
The Lookout,Los Angeles,50,"$18,038.09"
American Pastoral,Los Angeles,50,"$2,122.96"
Badla,Los Angeles,50,"$7,296.65"
Saving Grace,Los Angeles,50,"$47,503.75"
The Interpreter,Los Angeles,50,"$285,075.93"
Adam's Apples,Los Angeles,50,$5.12
Pride and Glory,Los Angeles,50,"$61,593.74"
Showtime,Los Angeles,50,"$149,315.62"
The Invisible,Los Angeles,50,"$80,644.77"
The Hitcher,Los Angeles,50,"$64,587.59"
Ned Kelly,Los Angeles,50,$293.53
Middle Men,Los Angeles,50,"$2,837.56"
Scoop,Los Angeles,50,"$41,269.49"
Ted Bundy,Los Angeles,50,$23.81
Brick Mansions,Los Angeles,50,"$79,535.95"
The Villainess,Los Angeles,50,$108.77
Suspect Zero,Los Angeles,50,"$34,212.38"
8 Women,Los Angeles,50,"$12,062.12"
Whiteout,Los Angeles,50,"$40,288.97"
Our Kind of Traitor,Los Angeles,50,"$12,361.28"
Cheap Thrills,Los Angeles,50,$232.81
Reservation Road,Los Angeles,50,$478.32
Cold in July,Los Angeles,50,"$1,625.66"
Get Carter,Los Angeles,50,"$58,683.69"
Talvar,Los Angeles,50,"$1,342.37"
Intermission,Los Angeles,50,"$3,516.95"
Cradle 2 the Grave,Los Angeles,50,"$136,101.01"
The Disappearance of Alice Creed,Los Angeles,50,$654.70
Raging Fire,Los Angeles,50,"$1,510.71"
The Skulls,Los Angeles,50,"$137,409.68"
Never Goin' Back,Los Angeles,50,$240.23
Hoodwinked Too! Hood vs. Evil,Los Angeles,50,"$39,771.98"
L.I.E.,Los Angeles,50,"$4,476.91"
Silent House,Los Angeles,50,"$49,226.85"
Catch That Kid,Los Angeles,50,"$65,489.00"
The Burning Plain,Los Angeles,50,$785.73
Once Upon a Time in Anatolia,Los Angeles,50,$543.94
The Clan,Los Angeles,50,$730.27
The Informers,Los Angeles,50,"$1,176.25"
Observe and Report,Los Angeles,50,"$94,074.71"
Easy Money,Los Angeles,50,$740.53
The Baader Meinhof Complex,Los Angeles,50,"$1,867.37"
Mesrine: Public Enemy No. 1,Los Angeles,50,"$1,078.72"
City by the Sea,Los Angeles,50,"$87,959.44"
A Guide to Recognizing Your Saints,Los Angeles,50,"$2,023.69"
Bitch Slap,Los Angeles,50,$68.09
Rang De Basanti,Los Angeles,50,"$8,615.35"
Auto Focus,Los Angeles,50,"$8,085.00"
Dorm Daze,Los Angeles,50,$220.06
Heaven Knows What,Los Angeles,50,$313.72
Let's Go to Prison,Los Angeles,50,"$18,089.96"
Millions,Los Angeles,50,"$25,811.37"
Trade,Los Angeles,50,$839.85
Dogman,Los Angeles,50,$581.16
Made,Los Angeles,50,"$20,814.51"
King Cobra,Los Angeles,50,$111.76
Freedomland,Los Angeles,50,"$49,060.83"
"OSS 117: Cairo, Nest of Spies",Los Angeles,50,"$1,187.04"
Mad Money,Los Angeles,50,"$81,038.90"
Traitor,Los Angeles,50,"$92,260.25"
Cecil B. Demented,Los Angeles,50,"$5,036.87"
Haider,Los Angeles,50,"$3,535.05"
Extreme Job,Los Angeles,50,"$6,139.56"
Mean Machine,Los Angeles,50,$363.73
All About Lily Chou-Chou,Los Angeles,50,$97.42
The Air I Breathe,Los Angeles,50,$101.06
Twisted,Los Angeles,50,"$98,785.37"
Delhi Belly,Los Angeles,50,"$6,005.75"
Antitrust,Los Angeles,50,"$42,992.66"
Little Woods,Los Angeles,50,$588.16
The Yards,Los Angeles,50,"$3,460.95"
Big Trouble,Los Angeles,50,"$28,474.16"
Infamous,Los Angeles,50,"$4,510.53"
Pawn Shop Chronicles,Los Angeles,50,$19.27
Elite Squad 2: The Enemy Within,Los Angeles,50,$392.55
Dhoom 2,Los Angeles,50,"$10,365.04"
"Love, Honor and Obey",Los Angeles,50,$4.48
Reno 911!: Miami,Los Angeles,50,"$79,758.04"
Cop Car,Los Angeles,50,$501.87
Veronica Guerin,Los Angeles,50,"$6,161.59"
Trapped,Los Angeles,50,$245.19
Deadfall,Los Angeles,50,$258.01
Trash,Los Angeles,50,$40.11
God Bless America,Los Angeles,50,$478.45
The Nut Job,Los Angeles,50,"$251,919.01"
Cassandra's Dream,Los Angeles,50,"$3,809.32"
Sightseers,Los Angeles,50,$140.06
Paparazzi,Los Angeles,50,"$61,604.27"
Stolen,Los Angeles,50,"$1,193.18"
Breaking and Entering,Los Angeles,50,"$3,642.29"
Dirty Pretty Things,Los Angeles,50,"$31,803.22"
The Art of the Steal,Los Angeles,50,$240.92
Collide,Los Angeles,50,"$8,939.50"
The Perfect Host,Los Angeles,50,$189.89
Lonely Hearts,Los Angeles,50,$739.33
Tragedy Girls,Los Angeles,50,$242.70
15 Minutes,Los Angeles,50,"$95,682.04"
Chi-Raq,Los Angeles,50,"$10,379.90"
Pathology,Los Angeles,50,$426.04
Max Keeble's Big Move,Los Angeles,50,"$67,800.39"
God's Pocket,Los Angeles,50,$409.34
Leaves of Grass,Los Angeles,50,$266.65
Paranoid Park,Los Angeles,50,"$1,905.60"
Taxi 2,Los Angeles,50,"$2,861.59"
Rampart,Los Angeles,50,"$3,800.22"
Conviction,Los Angeles,50,"$26,595.46"
Stockholm,Los Angeles,50,"$1,184.42"
Pink,Los Angeles,50,"$4,866.62"
Ittefaq,Los Angeles,50,"$1,168.53"
Dom Hemingway,Los Angeles,50,"$2,031.51"
Racer and the Jailbird,Los Angeles,50,$181.68
Feardotcom,Los Angeles,50,"$51,786.34"
Kings,Los Angeles,50,"$1,076.80"
The Singing Detective,Los Angeles,50,"$1,319.18"
Man from Reno,Los Angeles,50,$364.32
Robot & Frank,Los Angeles,50,"$13,039.24"
Bad Santa 2,Los Angeles,50,"$69,720.80"
Lila dit ça,Los Angeles,50,$475.07
The Sweeney,Los Angeles,50,$103.29
Absolutely Fabulous: The Movie,Los Angeles,50,"$18,625.86"
Vera Drake,Los Angeles,50,"$14,718.01"
The Blind Swordsman: Zatoichi,Los Angeles,50,"$3,347.28"
Keeping Mum,Los Angeles,50,"$6,347.65"
The Negotiation,Los Angeles,50,$430.73
The Counterfeiters,Los Angeles,50,"$21,504.60"
The Trial,Los Angeles,50,$75.46
Wasabi,Los Angeles,50,$319.65
Battle in Heaven,Los Angeles,50,$277.98
Burke and Hare,Los Angeles,50,$18.95
Birthday Girl,Los Angeles,50,"$19,290.05"
Dabangg,Los Angeles,50,"$18,163.67"
One Night at McCool's,Los Angeles,50,"$24,664.62"
The Matador,Los Angeles,50,"$49,381.60"
The Dead Girl,Los Angeles,50,$67.87
Dhoom 3,Los Angeles,50,"$31,491.88"
The Weight of Water,Los Angeles,50,$402.36
Better Luck Tomorrow,Los Angeles,50,"$14,908.50"
Maria Full of Grace,Los Angeles,50,"$25,552.79"
Lila & Eve,Los Angeles,50,$148.73
The Quarry,Los Angeles,50,$8.29
Tsotsi,Los Angeles,50,"$11,418.86"
Heaven,Los Angeles,50,"$3,035.96"
Bones,Los Angeles,50,"$28,652.43"
Welcome to the Punch,Los Angeles,50,$26.61
The Silence,Los Angeles,50,$390.73
Dhoom,Los Angeles,50,$963.57
Frozen River,Los Angeles,50,"$9,836.72"
The Angels' Share,Los Angeles,50,"$1,193.33"
Escobar: Paradise Lost,Los Angeles,50,$419.01
The Son of No One,Los Angeles,50,$113.19
What's the Worst That Could Happen?,Los Angeles,50,"$125,840.10"
Omar,Los Angeles,50,"$1,395.81"
Spartan,Los Angeles,50,"$17,386.63"
Falcon Rising,Los Angeles,50,$34.08
Killerman,Los Angeles,50,"$1,086.06"
Confidence,Los Angeles,50,"$47,882.74"
Bullhead,Los Angeles,50,$595.34
Crypto,Los Angeles,50,$39.97
Flypaper,Los Angeles,50,$4.31
Ernest & Celestine,Los Angeles,50,"$1,147.08"
Waist Deep,Los Angeles,50,"$83,584.89"
The Limits of Control,Los Angeles,50,"$1,666.45"
Bless the Child,Los Angeles,50,"$115,170.99"
The Nile Hilton Incident,Los Angeles,50,$317.94
The Thieves,Los Angeles,50,"$2,689.05"
First Sunday,Los Angeles,50,"$148,724.20"
Pieta,Los Angeles,50,$85.99
Beyond a Reasonable Doubt,Los Angeles,50,$127.07
Buster's Mal Heart,Los Angeles,50,$284.74
Knockaround Guys,Los Angeles,50,"$45,608.68"
Buffalo Soldiers,Los Angeles,50,"$1,386.96"
Black Friday,Los Angeles,50,$133.31
JCVD,Los Angeles,50,"$1,845.50"
All About the Benjamins,Los Angeles,50,"$99,914.10"
Raid,Los Angeles,50,"$3,961.54"
El Angel,Los Angeles,50,$370.44
Skin Trade,Los Angeles,50,$4.87
Sleuth,Los Angeles,50,"$1,344.20"
The Villain,Los Angeles,50,"$1,623.68"
The Third Murder,Los Angeles,50,$350.19
Talaash: The Answer Lies Within,Los Angeles,50,"$10,611.22"
Surveillance,Los Angeles,50,$107.23
Captivity,Los Angeles,50,"$10,299.22"
Little Fish,Los Angeles,50,$31.95
The Vault,Los Angeles,50,$22.46
Sophie Scholl: The Final Days,Los Angeles,50,"$2,651.13"
The Cat's Meow,Los Angeles,50,"$12,583.81"
Julia,Los Angeles,50,$8.27
Shangri-La Suite,Los Angeles,50,$52.32
Nothing Bad Can Happen,Los Angeles,50,$18.35
Chapter 27,Los Angeles,50,$218.41
Micmacs,Los Angeles,50,"$4,943.83"
Fabricated City,Los Angeles,50,$411.19
Taxi 3,Los Angeles,50,"$1,949.47"
Henry's Crime,Los Angeles,50,$399.46
The Nut Job 2: Nutty by Nature,Los Angeles,50,"$111,235.83"
Madea's Witness Protection,Los Angeles,50,"$257,414.83"
Echelon Conspiracy,Los Angeles,50,"$1,961.02"
Kung Fu Jungle,Los Angeles,50,$506.24
Home Room,Los Angeles,50,$20.45
Seeking Justice,Los Angeles,50,$161.07
Omkara,Los Angeles,50,"$3,096.25"
Shanghai,Los Angeles,50,$175.22
Mini's First Time,Los Angeles,50,$191.78
The Man,Los Angeles,50,"$32,644.92"
Domestic Disturbance,Los Angeles,50,"$177,401.99"
Priceless,Los Angeles,50,"$5,879.69"
Corky Romano,Los Angeles,50,"$94,015.10"
Half Past Dead,Los Angeles,50,"$60,229.89"
Highway,Los Angeles,50,"$2,074.65"
Screwed,Los Angeles,50,"$27,552.99"
Carandiru,Los Angeles,50,$838.88
Redacted,Los Angeles,50,$256.37
A Single Shot,Los Angeles,50,$39.29
Sweet Country,Los Angeles,50,$374.87
Unknown,Los Angeles,50,$566.16
Next Day Air,Los Angeles,50,"$39,275.06"
Greenfingers,Los Angeles,50,"$5,643.19"
Welcome to Collinwood,Los Angeles,50,"$1,309.46"
Crazy on the Outside,Los Angeles,50,$252.65
Gozu,Los Angeles,50,$213.37
The Adderall Diaries,Los Angeles,50,$44.25
Never Die Alone,Los Angeles,50,"$22,131.39"
Graduation,Los Angeles,50,$689.97
Birds of Passage,Los Angeles,50,"$1,981.88"
Goldstone,Los Angeles,50,$338.77
See Spot Run,Los Angeles,50,"$130,788.80"
Race,Los Angeles,50,"$5,359.86"
Stander,Los Angeles,50,$74.76
Raajneeti,Los Angeles,50,"$5,631.86"
Mystery Team,Los Angeles,50,$302.40
Donkey Punch,Los Angeles,50,$72.06
Bangkok Dangerous,Los Angeles,50,"$59,908.94"
Hey Ram,Los Angeles,50,"$1,076.95"
Armored,Los Angeles,50,"$62,689.57"
Kick,Los Angeles,50,"$9,649.27"
Take Me,Los Angeles,50,$10.13
The Art of War,Los Angeles,50,"$118,442.61"
Reclaim,Los Angeles,50,$14.11
The Bag Man,Los Angeles,50,$191.40
Shade,Los Angeles,50,$130.27
Closed Circuit,Los Angeles,50,"$22,479.30"
Ain't Them Bodies Saints,Los Angeles,50,"$1,519.74"
Gangster No. 1,Los Angeles,50,$121.21
Pierrepoint: The Last Hangman,Los Angeles,50,$85.34
Ballistic: Ecks vs. Sever,Los Angeles,50,"$56,047.56"
Lucky Numbers,Los Angeles,50,"$39,264.05"
Read My Lips,Los Angeles,50,"$5,328.92"
Violet & Daisy,Los Angeles,50,$67.38
Tracers,Los Angeles,50,$7.84
The Curse of the Jade Scorpion,Los Angeles,50,"$29,392.55"
Shootout at Lokhandwala,Los Angeles,50,"$1,134.03"
The Alphabet Killer,Los Angeles,50,$116.78
The Barbarian Invasions,Los Angeles,50,"$13,457.61"
Jiang hu er nü,Los Angeles,50,"$1,630.89"
Small Time Crooks,Los Angeles,50,"$66,933.29"
District 13: Ultimatum,Los Angeles,50,$141.30
Idlewild,Los Angeles,50,"$49,204.33"
Out of Blue,Los Angeles,50,$61.39
Beautiful Creatures,Los Angeles,50,$217.14
The Good Thief,Los Angeles,50,"$13,792.66"
Flash Point,Los Angeles,50,$12.83
The Oxford Murders,Los Angeles,50,$14.14
Ed Gein,Los Angeles,50,$22.38
The Ice Harvest,Los Angeles,50,"$34,577.98"
The Package,Los Angeles,50,$5.76
Haven,Los Angeles,50,$536.46
Novocaine,Los Angeles,50,"$7,985.47"
Stolen,Los Angeles,50,$28.65
Sleight,Los Angeles,50,"$15,084.55"
The Unknown Girl,Los Angeles,50,$590.28
OSS 117: Lost in Rio,Los Angeles,50,$342.50
Veteran,Los Angeles,50,"$4,707.45"
Run with the Hunted,Los Angeles,50,$44.14
Sweet Sixteen,Los Angeles,50,$123.65
Dragon,Los Angeles,50,$43.67
Stuck,Los Angeles,50,$263.29
Defendor,Los Angeles,50,$174.33
Bait,Los Angeles,50,"$60,087.13"
Sonny,Los Angeles,50,$69.16
Batla House,Los Angeles,50,"$1,933.67"
Special 26,Los Angeles,50,"$4,232.02"
In the Mix,Los Angeles,50,"$39,621.03"
Believer,Los Angeles,50,"$1,433.61"
The Insult,Los Angeles,50,"$3,925.94"
The Hollow,Los Angeles,50,"$1,602.42"
Witless Protection,Los Angeles,50,"$16,199.43"
Brother,Los Angeles,50,"$1,755.55"
Show Dogs,Los Angeles,50,"$69,573.79"
The Memory of a Killer,Los Angeles,50,"$1,301.77"
Amen.,Los Angeles,50,"$1,075.48"
Band of Robbers,Los Angeles,50,$80.59
Kill Me Three Times,Los Angeles,50,$93.47
Rob the Mob,Los Angeles,50,$811.25
Elena,Los Angeles,50,$91.27
Bomb City,Los Angeles,50,$232.62
The Zodiac,Los Angeles,50,$175.59
Owning Mahowny,Los Angeles,50,"$3,964.17"
Race 3,Los Angeles,50,"$6,629.57"
Animal Factory,Los Angeles,50,$171.75
Criminal,Los Angeles,50,"$57,589.37"
Serious Moonlight,Los Angeles,50,$98.56
Human Capital,Los Angeles,50,$616.89
Rise: Blood Hunter,Los Angeles,50,$417.17
Point Blank,Los Angeles,50,"$2,771.78"
The Blue Room,Los Angeles,50,$906.44
A Cat in Paris,Los Angeles,50,"$1,215.35"
Line of Duty,Los Angeles,50,$210.42
Death House,Los Angeles,50,$93.45
The Reckoning,Los Angeles,50,"$1,006.16"
Monsters and Men,Los Angeles,50,"$1,960.81"
A War,Los Angeles,50,$481.88
City of Men,Los Angeles,50,"$1,203.99"
Kaminey,Los Angeles,50,"$5,042.74"
Kurbaan,Los Angeles,50,"$2,957.35"
The Beat That My Heart Skipped,Los Angeles,50,"$4,012.67"
Panic,Los Angeles,50,"$3,054.86"
Agneepath,Los Angeles,50,"$7,769.53"
Paradise Now,Los Angeles,50,"$5,694.61"
Connie and Carla,Los Angeles,50,"$31,579.42"
Lowriders,Los Angeles,50,"$24,135.22"
The Square,Los Angeles,50,$184.96
10th & Wolf,Los Angeles,50,$209.69
"Scotland, Pa.",Los Angeles,50,"$1,505.98"
Dirty,Los Angeles,50,"$1,062.85"
Empire,Los Angeles,50,"$68,632.44"
The Samaritan,Los Angeles,50,$6.84
Snow Angels,Los Angeles,50,"$1,579.39"
Terribly Happy,Los Angeles,50,$274.69
Wazir,Los Angeles,50,"$2,297.71"
Vulgar,Los Angeles,50,$58.44
Zyzzyx Rd,Los Angeles,50,$0.12
Unconditional,Los Angeles,50,"$3,943.57"
Child of God,Los Angeles,50,$148.79
The Child,Los Angeles,50,"$2,553.37"
Chico & Rita,Los Angeles,50,"$1,374.34"
The Deep End,Los Angeles,50,"$34,588.66"
Sonchiriya,Los Angeles,50,$333.85
Gun Shy,Los Angeles,50,"$6,398.15"
City of Ghosts,Los Angeles,50,$168.83
Welcome,Los Angeles,50,"$4,254.26"
The Swindlers,Los Angeles,50,$948.51
Badlapur,Los Angeles,50,"$1,454.01"
Illegal Tender,Los Angeles,50,"$11,975.88"
The Escapist,Los Angeles,50,$51.06
Dinner Rush,Los Angeles,50,$431.29
Maze,Los Angeles,50,$74.81
Tees Maar Khan,Los Angeles,50,"$4,219.85"
Meeting Evil,Los Angeles,50,$0.71
The Night Listener,Los Angeles,50,"$30,683.67"
Neruda,Los Angeles,50,"$3,682.05"
Stealing Harvard,Los Angeles,50,"$54,787.76"
13,Los Angeles,50,$475.95
You Kill Me,Los Angeles,50,"$9,515.26"
Perrier's Bounty,Los Angeles,50,$3.25
Polisse,Los Angeles,50,$671.72
Shadowboxer,Los Angeles,50,"$1,453.16"
Crown Heights,Los Angeles,50,$935.34
Dheepan,Los Angeles,50,$970.78
Khosla Ka Ghosla!,Los Angeles,50,$103.79
Where the Money Is,Los Angeles,50,"$22,187.71"
Casino Jack,Los Angeles,50,"$4,077.14"
I'm Not Scared,Los Angeles,50,"$6,332.59"
Down Terrace,Los Angeles,50,$37.68
Anesthesia,Los Angeles,50,$87.77
Kaante,Los Angeles,50,"$4,082.47"
Cosmos,Los Angeles,50,$82.30
The Crew,Los Angeles,50,"$51,046.20"
Burnt Money,Los Angeles,50,$946.82
Eastern Boys,Los Angeles,50,$63.41
Asura,Los Angeles,50,$684.19
Yardie,Los Angeles,50,$141.20
Brooklyn Rules,Los Angeles,50,"$1,562.13"
Pawn,Los Angeles,50,$8.38
Beer for My Horses,Los Angeles,50,"$2,611.45"
Winter of Frozen Dreams,Los Angeles,50,$28.76
I'll Sleep When I'm Dead,Los Angeles,50,"$1,406.81"
No Good Deed,Los Angeles,50,$712.02
Big Fan,Los Angeles,50,$919.13
Dylan Dog: Dead of Night,Los Angeles,50,"$4,639.72"
Jindabyne,Los Angeles,50,"$1,567.86"
Separate Lies,Los Angeles,50,"$3,620.28"
Ashby,Los Angeles,50,$18.16
Janatha Garage,Los Angeles,50,"$472,459.33"
Oye Lucky! Lucky Oye!,Los Angeles,50,$313.81
Rustom,Los Angeles,50,"$4,263.58"
Simmba,Los Angeles,50,"$19,900.58"
The Masked Saint,Los Angeles,50,$485.31
Singham,Los Angeles,50,"$1,353.17"
Shootout at Wadala,Los Angeles,50,"$1,448.00"
Honeydripper,Los Angeles,50,"$1,050.31"
El Chicano,Los Angeles,50,"$5,467.81"
Killing Cabos,Los Angeles,50,$494.54
Bunty Aur Babli,Los Angeles,50,"$3,536.06"
The Caveman's Valentine,Los Angeles,50,"$2,694.37"
Exiled,Los Angeles,50,$193.74
Drug War,Los Angeles,50,$501.38
The Aura,Los Angeles,50,$219.97
Double Take,Los Angeles,50,$79.27
Macbeth,Los Angeles,50,"$4,340.93"
Race 2,Los Angeles,50,"$6,190.97"
The Walker,Los Angeles,50,$302.60
A Somewhat Gentle Man,Los Angeles,50,$147.20
The Assassination of Richard Nixon,Los Angeles,50,"$2,735.79"
People I Know,Los Angeles,50,$478.23
Shuttle,Los Angeles,50,$41.66
The Hillside Strangler,Los Angeles,50,$13.98
Master,Los Angeles,50,"$2,335.44"
Partir,Los Angeles,50,$684.94
Harvard Man,Los Angeles,50,$222.13
On the Other Side of the Tracks,Los Angeles,50,$23.22
Bubble,Los Angeles,50,$570.02
Skins,Los Angeles,50,$937.03
Code Name: The Cleaner,Los Angeles,50,"$31,774.63"
Nobel Son,Los Angeles,50,"$2,117.96"
The Fall of the American Empire,Los Angeles,50,"$8,541.36"
Dear Wendy,Los Angeles,50,$90.59
Thin Ice,Los Angeles,50,"$3,096.48"
Married Life,Los Angeles,50,"$5,908.67"
Underclassman,Los Angeles,50,"$22,171.39"
Alone with Her,Los Angeles,50,$39.28
My Brother the Devil,Los Angeles,50,$40.40
Paan Singh Tomar,Los Angeles,50,$155.14
Gosnell: The Trial of America's Biggest Serial Killer,Los Angeles,50,"$14,428.21"
Broken Horses,Los Angeles,50,$137.23
The Assassin's Code,Los Angeles,50,"$15,335.20"
Coastlines,Los Angeles,50,$25.45
Christmas in Wonderland,Los Angeles,50,$308.04
The Girl from the Naked Eye,Los Angeles,50,$68.23
Savage,Los Angeles,50,$292.07
The Lady in the Car with Glasses and a Gun,Los Angeles,50,$7.97
Election 2,Los Angeles,50,$215.08
Rhymes for Young Ghouls,Los Angeles,50,$3.56
Civil Brand,Los Angeles,50,$954.12
Alleluia,Los Angeles,50,$23.53
The Monkey's Mask,Los Angeles,50,$179.68
Turn It Up,Los Angeles,50,"$4,880.16"
Golden Job,Los Angeles,50,"$1,120.55"
Even Money,Los Angeles,50,$250.58
A Ciambra,Los Angeles,50,$121.50
The Dancer Upstairs,Los Angeles,50,"$9,321.16"
Mad Detective,Los Angeles,50,$18.15
High Heels and Low Lifes,Los Angeles,50,$889.21
Take,Los Angeles,50,$20.03
Anamorph,Los Angeles,50,$23.18
The Prey,Los Angeles,50,$24.74
Gold Diggers,Los Angeles,50,"$2,066.27"
I'm in Love with a Church Girl,Los Angeles,50,"$9,333.15"
The Attack,Los Angeles,50,"$6,723.08"
Baaghi 2,Los Angeles,50,"$5,173.84"
Game,Los Angeles,50,$500.92
Holiday: A Soldier is Never Off Duty,Los Angeles,50,"$2,771.60"
Love the Hard Way,Los Angeles,50,$170.83
The Ardennes,Los Angeles,50,$22.11
The Merry Gentleman,Los Angeles,50,"$1,357.73"
Psycho-Pass: The Movie,Los Angeles,50,$542.51
Sleepless Night,Los Angeles,50,$13.17
Fiza,Los Angeles,50,"$2,445.77"
The Wasted Times,Los Angeles,50,$938.08
Cold War 2,Los Angeles,50,"$2,198.89"
No News from God,Los Angeles,50,$303.01
Weirdsville,Los Angeles,50,$28.47
Nightcap,Los Angeles,50,"$1,737.86"
State Property 2,Los Angeles,50,"$6,578.10"
Detective Byomkesh Bakshy!,Los Angeles,50,"$2,270.37"
Beauty and the Dogs,Los Angeles,50,$34.95
LUV,Los Angeles,50,$543.56
State Property,Los Angeles,50,"$8,232.63"
The 24th Day,Los Angeles,50,$55.31
Gangnam 1970,Los Angeles,50,$70.66
Carter High,Los Angeles,50,"$1,333.92"
The Architect,Los Angeles,50,$49.57
The Mafia Kills Only in Summer,Los Angeles,50,$145.60
Poor White Trash,Los Angeles,50,$5.50
Save the Green Planet!,Los Angeles,50,$57.34
De Dana Dan,Los Angeles,50,"$3,705.10"
Close Your Eyes,Los Angeles,50,$154.41
So Close,Los Angeles,50,$300.27
Assassination Tango,Los Angeles,50,"$3,803.92"
Loosies,Los Angeles,50,$13.01
Time and Tide,Los Angeles,50,$367.84
Blue Caprice,Los Angeles,50,$340.13
Look,Los Angeles,50,$63.27
Khatta Meetha,Los Angeles,50,"$2,124.71"
Bluffmaster,Los Angeles,50,"$2,818.90"
Rowdy Rathore,Los Angeles,50,"$3,042.49"
Carancho,Los Angeles,50,$334.69
Welcome Back,Los Angeles,50,"$5,443.54"
Rascals,Los Angeles,50,"$1,023.95"
Holy Rollers,Los Angeles,50,"$1,187.56"
High on the Hog,Los Angeles,50,$178.79
El Coyote,Los Angeles,50,"$3,707.68"
Operation Mekong,Los Angeles,50,"$3,136.71"
Lights in the Dusk,Los Angeles,50,$55.11
One Two Three,Los Angeles,50,$967.36
12,Los Angeles,50,$490.57
Levity,Los Angeles,50,$820.04
Lajja,Los Angeles,50,"$1,474.23"
Sound of Noise,Los Angeles,50,$95.57
Salvation Boulevard,Los Angeles,50,$107.61
As Good as Dead,Los Angeles,50,"$4,704.99"
Love Crime,Los Angeles,50,"$2,074.52"
Chasing the Dragon II: Wild Wild Bunch,Los Angeles,50,$770.97
The Man Who Copied,Los Angeles,50,$92.43
Last Ride,Los Angeles,50,$21.49
Raja Natwarlal,Los Angeles,50,$514.04
Talento de barrio,Los Angeles,50,"$6,535.11"
The Prison,Los Angeles,50,$812.27
The Power of Few,Los Angeles,50,$119.37
Victor,Los Angeles,50,$437.54
The Last Godfather,Los Angeles,50,$641.41
Blind Shaft,Los Angeles,50,$130.45
Crimson Gold,Los Angeles,50,$579.67
New York,Los Angeles,50,"$3,849.72"
"Ruben Brandt, Collector",Los Angeles,50,$462.51
King's Ransom,Los Angeles,50,"$15,710.37"
Cronicas,Los Angeles,50,"$1,173.35"
The Double Hour,Los Angeles,50,"$5,923.95"
In the Name of My Daughter,Los Angeles,50,"$1,079.70"
Yonkers Joe,Los Angeles,50,"$39,208.24"
Singham Returns,Los Angeles,50,"$4,828.69"
ECCO,Los Angeles,50,$340.55
Graceland,Los Angeles,50,$81.52
War of the Worlds: Goliath,Los Angeles,50,$52.48
Dabangg 2,Los Angeles,50,"$9,877.30"
Sarkar Raj,Los Angeles,50,"$3,956.37"
Chrystal,Los Angeles,50,$316.41
Who Is Cletis Tout?,Los Angeles,50,$988.94
Just Another Love Story,Los Angeles,50,$176.66
The R.M.,Los Angeles,50,"$4,358.45"
Gangster's Paradise: Jerusalema,Los Angeles,50,$19.44
Dum Maaro Dum,Los Angeles,50,"$2,210.16"
Compadres,Los Angeles,50,"$12,175.21"
Beneath the Harvest Sky,Los Angeles,50,$110.24
Kak Vitka Chesnok vyoz Lyokhu Shtyrya v dom invalidov,Los Angeles,50,$16.90
La Virgen de los Sicarios,Los Angeles,50,"$2,059.73"
And Now Ladies & Gentlemen,Los Angeles,50,"$2,888.71"
Red Lights,Los Angeles,50,$193.10
Circus,Los Angeles,50,$32.96
Thoongaavanam,Los Angeles,50,"$1,895.09"
Phata Poster Nikhla Hero,Los Angeles,50,"$1,529.93"
Paulette,Los Angeles,50,$115.64
Kurukshetra,Los Angeles,50,$144.64
The Hard Word,Los Angeles,50,"$1,657.29"
The Tenants,Los Angeles,50,$7.88
Serial Killer 1,Los Angeles,50,$38.15
Pete Smalls Is Dead,Los Angeles,50,$39.21
Ladrón que roba a ladrón,Los Angeles,50,"$15,692.37"
Man on the Train,Los Angeles,50,"$9,964.07"
Least Among Saints,Los Angeles,50,$109.89
Saving Mr. Wu,Los Angeles,50,$363.44
Pickings,Los Angeles,50,$257.99
On the Job,Los Angeles,50,$632.10
Heroes,Los Angeles,50,"$2,302.33"
Once in the Life,Los Angeles,50,$209.58
First We Take Brooklyn,Los Angeles,50,$167.86
Small Town Murder Songs,Los Angeles,50,$120.99
Fulltime Killer,Los Angeles,50,$58.78
Trixie,Los Angeles,50,"$1,119.86"
'P' fung bou,Los Angeles,50,"$1,280.98"
Next Time I'll Aim for the Heart,Los Angeles,50,$2.80
Death Valley,Los Angeles,50,$17.03
How to Be a Serial Killer,Los Angeles,50,$3.52
"No God, No Master",Los Angeles,50,$26.42
Made in France,Los Angeles,50,$37.55
Ajami,Los Angeles,50,"$2,435.77"
Nobody Else But You,Los Angeles,50,$166.95
The Eyes,Los Angeles,50,$35.70
Bangkok Dangerous,Los Angeles,50,$91.36
Jilla,Los Angeles,50,$902.66
Cowboys & Angels,Los Angeles,50,$132.13
Ash Wednesday,Los Angeles,50,$11.54
Who Knows?,Los Angeles,50,"$3,557.45"
No Problem,Los Angeles,50,$949.29
Madame Satã,Los Angeles,50,$777.03
Live Free or Die,Los Angeles,50,$49.82
The Man in 3B,Los Angeles,50,"$1,135.37"
Golden Slumber,Los Angeles,50,$268.95
The Robber,Los Angeles,50,$322.18
N-Secure,Los Angeles,50,"$10,165.94"
Sky on Fire,Los Angeles,50,$304.41
The Road,Los Angeles,50,$470.50
Phantom Detective,Los Angeles,50,$262.75
Noise,Los Angeles,50,$63.35
Money,Los Angeles,50,"$4,006.93"
Leonera,Los Angeles,50,$53.67
Mio fratello è figlio unico,Los Angeles,50,$984.14
16 Years of Alcohol,Los Angeles,50,$29.46
Hate Crime,Los Angeles,50,$159.80
"Police, Adjective",Los Angeles,50,$189.37
Ek Aur Ek Gyarah: By Hook or by Crook,Los Angeles,50,$362.06
Go for Sisters,Los Angeles,50,$219.42
Tazza: The Hidden Card,Los Angeles,50,$978.92
Three,Los Angeles,50,$256.81
Headshot,Los Angeles,50,$1.79
'R Xmas,Los Angeles,50,$3.33
Vaada,Los Angeles,50,$348.95
Junction 48,Los Angeles,50,$50.17
Black Souls,Los Angeles,50,$392.55
BuyBust,Los Angeles,50,$699.75
Nicotina,Los Angeles,50,"$3,138.11"
Cover,Los Angeles,50,$311.45
Brigham City,Los Angeles,50,"$3,341.35"
Sicilian Ghost Story,Los Angeles,50,$59.93
Lucky Break,Los Angeles,50,$214.10
The Attacks of 26/11,Los Angeles,50,$973.72
Extraordinary Mission,Los Angeles,50,$112.33
My Kingdom,Los Angeles,50,$10.22
Ice Blues,Los Angeles,50,$2.62
Hukkle,Los Angeles,50,$196.41
King of the Jungle,Los Angeles,50,$106.49
Shikari,Los Angeles,50,$159.62
Snowman's Land,Los Angeles,50,$4.41
La soga,Los Angeles,50,$825.82
Krazzy 4,Los Angeles,50,"$1,910.28"
Secuestro express,Los Angeles,50,"$1,185.09"
La siciliana ribelle,Los Angeles,50,$271.74
The Killing of John Lennon,Los Angeles,50,$26.16
Love and a Bullet,Los Angeles,50,$66.08
Goodland,Los Angeles,50,$126.02
Shock to the System,Los Angeles,50,$14.37
Bulgarian Lovers,Los Angeles,50,$233.05
"On the Other Hand, Death",Los Angeles,50,$9.51
The Advocate: A Missing Body,Los Angeles,50,$177.46
Death of a President,Los Angeles,50,"$2,035.25"
Green is Gold,Los Angeles,50,$1.68
Gimme the Loot,Los Angeles,50,$383.33
Water & Power,Los Angeles,50,$309.91
À Tout de Suite,Los Angeles,50,$970.94
Difret,Los Angeles,50,$150.75
Tycoon: A New Russian,Los Angeles,50,$474.48
A Cool Fish,Los Angeles,50,"$2,163.81"
"Lucía, Lucía",Los Angeles,50,"$1,048.80"
Gang,Los Angeles,50,$113.37
The Ministers,Los Angeles,50,$11.15
By Hook or by Crook,Los Angeles,50,$7.07
Inspector Bellamy,Los Angeles,50,$415.19
Intersection,Los Angeles,50,$18.08
Wasabi Tuna,Los Angeles,50,$198.63
Splinter,Los Angeles,50,$50.65
Settai,Los Angeles,50,$342.13
Chronicle of an Escape,Los Angeles,50,$5.12
Randy and the Mob,Los Angeles,50,$176.82
Out the Gate,Los Angeles,50,$6.18
High Times Potluck,Los Angeles,50,$18.93
Bonnie & Clyde vs. Dracula,Los Angeles,50,$98.13
Conspiracy of Silence,Los Angeles,50,$10.19
Valley of Bones,Los Angeles,50,$661.59
The Witness,Los Angeles,50,$623.32
The Dukes,Los Angeles,50,$102.56
United Red Army,Los Angeles,50,$6.87
Ethan Mao,Los Angeles,50,$26.81
Outta Time,Los Angeles,50,$15.89
Mercy Streets,Los Angeles,50,$674.33
Mr. X,Los Angeles,50,$118.01
Lost in Hong Kong,Los Angeles,50,"$5,106.02"
Nowhere Man,Los Angeles,50,$9.21
Day Night Day Night,Los Angeles,50,$124.59
Fakers,Los Angeles,50,$192.88
The Code,Los Angeles,50,$50.35
Murder.com,Los Angeles,50,$8.12
Gasoline,Los Angeles,50,$16.89
Viva Riva!,Los Angeles,50,$242.15
Steel City,Los Angeles,50,$40.10
Bank$tas,Los Angeles,50,$58.57
Big Muddy,Los Angeles,50,$3.14
An Act of War,Los Angeles,50,$446.97
New World Order,Los Angeles,50,$78.81
Cavale,Los Angeles,50,$254.05
Line Walker 2: Invisible Spy,Los Angeles,50,"$1,134.28"
Après la vie,Los Angeles,50,$102.59
Mr. Smith Gets a Hustler,Los Angeles,50,$6.21
This Last Lonely Place,Los Angeles,50,$79.26
Sunrise,Los Angeles,50,$3.92
The Fuzz,Los Angeles,50,$23.79
Undoing,Los Angeles,50,$176.43
3 Holes and a Smoking Gun,Los Angeles,50,$70.57
Mi America,Los Angeles,50,$13.06
Cavite,Los Angeles,50,$274.74
Virgil Bliss,Los Angeles,50,$5.74
Rightways Down,Los Angeles,50,$24.50
Shadow Glories,Los Angeles,50,$89.85
Daylight,Los Angeles,50,$15.22
In Echo Park,Los Angeles,50,$23.69
Justice Is Mind,Los Angeles,50,$1.31
Dark Meridian,Los Angeles,50,$18.82
Ridge Runners,Los Angeles,50,$101.01
Autumn,Los Angeles,50,$41.28
Mumbai Mirror,Los Angeles,50,$17.84
Forgive Me Father,Los Angeles,50,"$1,720.87"
I Recorded a Murder!,Los Angeles,50,$5.88
Winning Formula,Los Angeles,50,$85.69
